{
  "model": "X5",
  "calibration_type": "eye-to-hand",
  "camera": "Orbbec",
  "camera_to_eef": {
    "translation": [
      -0.07300352346705924,
      0.00971964454371365,
      0.08295126680345809
    ],
    "rotation_matrix": [
      [
        0.02839402441306138,
        0.033421920493002966,
        0.9990379144998401
      ],
      [
        -0.9995179472009917,
        0.013503310774475974,
        0.027955926406460385
      ],
      [
        -0.012555978685310776,
        -0.9993501067337149,
        0.033789222698468624
      ]
    ],
    "pose_6d": [
      -0.07300352346705924,
      0.00971964454371365,
      0.08295126680345809,
      -1.5369980058833097,
      0.012556308622500708,
      -1.5423962463254353
    ]
  },
  "camera_matrix": [
    [
      690.8681030273438,
      0.0,
      644.0787353515625
    ],
    [
      0.0,
      690.93310546875,
      360.65435791015625
    ],
    [
      0.0,
      0.0,
      1.0
    ]
  ],
  "distortion_coefficients": [
    0.06992745399475098,
    -0.00021388809545896947,
    6.243187158361252e-07,
    7.432347359781488e-08,
    3.609681584748614e-07
  ],
  "num_samples": 20
}